time,Day,S_Guinea,E_Guinea,I_Guinea,R_Guinea,C_Guinea,Guinea_New_case,Guinea_Noise,S_Liberia,E_Liberia,I_Liberia,R_Liberia,C_Liberia,Liberia_New_case,Liberia_Noise,S_SierraLeone,E_SierraLeone,I_SierraLeone,R_SierraLeone,C_SierraLeone,SierraLeone_New_case,SierraLeone_Noise
2013-12-28,0,11499980.0,10.0,10.0,0.0,0.0,0.0,0,4499989.0,10.0,1.0,0.0,0.0,0.0,0,6799989.0,10.0,1.0,0.0,0.0,0.0,0
2013-12-29,1,11499957.500378408,12.86538033666925,15.34872841134491,14.285512848858147,19.634241260203062,19.634241260203062,12,4499979.983228649,7.891712427038691,7.065124903188511,5.059934021620654,11.125058924809167,11.125058924809167,14,6799981.364226633,8.047312121635173,6.138700171308879,4.449761078354964,9.588461249663839,9.588461249663839,9
2013-12-30,2,11499924.915534088,18.240954351494576,21.86910290113535,34.97440865872102,46.84351155985637,27.209270299653305,25,4499962.940532789,11.488667050660322,10.947003095762803,14.623797062980339,24.57080015874314,13.445741233933973,9,6799967.455545499,10.943365918706164,9.04600496965258,12.555083616747801,20.60108858640038,11.012627336736541,5
2013-12-31,3,11499878.558859374,25.935411718770247,31.098259413599262,64.40746949705823,85.50572891065752,38.66221735080116,45,4499937.0835211435,17.279623282725808,16.50278977786327,29.13406579502201,44.63685557288527,20.066055414142127,30,6799947.525330733,15.466316223375077,12.838852556044634,24.169500493455526,36.00835304950016,15.407264463099779,21
2014-01-01,4,11499812.642024333,36.878247939431894,44.21973756411638,106.25999016822688,140.47972773234326,54.97399882168574,46,4499898.133531461,26.021083718097447,24.85346109133498,50.991923731109,74.84538482244398,30.20852924955871,34,6799919.279247485,21.903847779247492,18.186821564252533,40.63008317893022,57.81690474318275,21.80855169368259,21
2014-01-02,5,11499718.913509285,52.43791419574689,62.877205993121,165.7713705303058,218.64857652342687,78.1688487910836,84,4499839.476725664,39.18606123986935,37.42805257960061,83.90916051740668,120.33721309700728,45.491828274563304,54,6799879.270645013,31.0241161341583,25.759773916389374,63.94546494413026,88.70523886051963,30.888334117336882,28
2014-01-03,6,11499585.640305586,74.56180300039493,89.40605512336523,250.39183629611844,329.7978914194838,111.14931489605692,67,4499751.14459635,59.01087702254638,56.36401514179927,133.4805114866437,188.84452662844294,68.50731353143566,52,6799822.60330496,43.94185639427816,36.48572435744607,96.96911429649607,132.45483865394215,43.74959979342252,40
2014-01-04,7,11499396.140818536,106.01845499895697,127.12642881465202,370.71429765744,487.84072647209223,158.04283505260844,182,4499618.127078799,88.86336675057173,84.87873981673499,208.13081463453335,292.0095544512682,103.16502782282524,114,6799742.34169713,62.23776143940402,51.67743213663183,143.74310930152296,194.42054143815477,61.965702784212624,73
2014-01-05,8,11499126.699068183,150.7433364965222,180.7581826179116,541.7994127077005,712.5575953256122,224.71686885351994,243,4499417.825677323,133.81313068978318,127.81575368007648,320.5454383075791,447.3611919876554,155.35163753638722,215,6799628.663390727,88.15044520718689,73.19389146808817,209.99227260638236,282.1861640744705,87.76562263631575,68
2014-01-06,9,11498743.601097181,214.3299219386461,257.0102364156219,785.0587444722963,1032.0689808879185,319.5113855623064,335,4499116.222071811,201.48954591701082,192.4653121413318,489.8230701317064,681.288382273038,233.9271902853826,138,6799467.658201685,124.84982557275144,103.6675975430272,303.8243752062878,406.4919727493149,124.3058086748444,117
2014-01-07,10,11498198.925499897,304.72667337788533,365.41732814892987,1130.9304985822246,1486.3478267311548,454.27884584323624,384,4498662.118352239,303.3701950573845,289.797336746099,744.7141159580817,1033.5114527041803,352.22307043114233,326,6799239.628405326,176.82403307983404,146.82605746982247,436.72150413164945,582.5475616014719,176.05558885215697,182
2014-01-08,11,11497424.567201065,433.2254294987684,519.5272363630116,1622.6801330807295,2132.207369443742,645.8595427125874,318,4497978.486383163,456.7126359906849,436.3117569448263,1128.4892239018914,1563.8009808467175,530.2895281425372,743,6798916.683547209,250.42655107192957,207.9465769480025,624.9433247790068,831.8899017270093,249.34234012553736,438
2014-01-09,12,11496323.75853644,615.8614418056044,738.5837237563093,2321.7962980058123,3050.380021762123,918.1726523183806,810,4496949.493060156,687.4442026580788,656.8105773634977,1706.2521598236656,2362.0627371871633,798.2617563404458,613,6798459.338505484,354.64940672650283,294.49924152720547,891.5128462708575,1185.0120877980626,353.1221860710533,437
2014-01-10,13,11494759.05103238,875.3932457503217,1049.9090206013732,3315.6467012786834,4355.555721880059,1305.1757001179358,873,4495401.080501268,1034.4701401428094,988.5396530872428,2575.9097055008006,3563.4493585880427,1201.3866214008794,1376,6797811.704579073,502.2147651235103,417.05525179164005,1269.025404018007,1685.0806558096463,500.0685680115837,498
2014-01-11,14,11492535.303533647,1244.0959264851722,1492.270266391682,4728.330273484184,6210.600539875866,1855.0448179958075,2546,4493071.991083119,1556.0625425380254,1487.3518622281615,3884.594512113053,5370.946374341216,1807.4970157531734,3226,6796894.697379773,711.1139188799638,590.5687336911647,1803.6199676635374,2393.188701354701,708.1080455450549,675
2014-01-12,15,11489375.648295369,1767.6886645339882,2120.623418698167,6736.039621407529,8846.663040105697,2636.062500229831,1716,4489570.742437762,2339.259086493683,2236.8212813821574,5853.177194361008,8088.9984757431685,2718.0521014019523,3645,6795596.455004889,1006.7728298743274,836.1827556001837,2560.589409644011,3395.7721652441937,1002.5834638894926,1068
2014-01-13,16,11484887.630640194,2510.830275460687,3012.772237668673,9588.766846687977,12591.539084356651,3744.876044250954,7457,4484312.206267951,3513.517270016504,3361.5925722419297,8812.68388978985,12173.276462031781,4084.2779862886127,3608,6793758.843525044,1425.0908029828718,1183.7682699982188,3632.2974019820344,4815.065671980251,1419.2935067360572,893
2014-01-14,17,11478515.693722475,3564.7545389153265,4278.662980470961,13640.888758150602,17909.55173862157,5318.012654264918,5716,4476425.171224899,5270.162295899893,5046.642996783606,13258.023482417451,18303.666479201063,6130.390017169282,6564,6791158.497601548,2016.6873536567423,1675.4821005937463,5149.332944208648,6823.815044802392,2008.7493728221407,1869
2014-01-15,18,11469474.883165633,5057.768779910818,6073.252211539781,19394.095842928244,25457.34805446802,7547.796315846452,8858,4464619.969535922,7889.208997304285,7564.420348372511,19926.401118398753,27489.82146677128,9186.154987570215,10185,6787480.27439746,2852.80358345608,2370.7302815335956,7296.191737558536,9665.922019092133,2842.1069742897416,1708
2014-01-16,19,11456659.11592639,7169.468390141471,8614.107212886205,27557.308470592747,36161.41568347895,10704.067629010926,5453,4447004.171195122,11774.372224583118,11311.60081941851,29909.855760873786,41220.456580292295,13730.635113521017,18833,6782280.267621477,4033.434313414233,3353.0463246145628,10333.251740500484,13685.298065115048,4019.376046022915,3155
2014-01-17,20,11438515.795741808,10149.534690977354,12205.048154306654,39129.62141291909,51324.66956722575,15163.253883746802,22450,4420837.641148338,17494.27315007847,16855.553367532455,44812.53233404905,61667.08570158153,20446.629121289232,20625,6774934.6414710665,5698.3971698125415,4739.5319472331375,14627.429411894745,19365.961359127883,5680.663294012835,4466
2014-01-18,21,11412877.501247749,14341.690940820297,17267.03656772948,55513.77124371193,72770.80781144141,21446.13824421566,19573,4382232.708546928,25820.60501717274,24985.556049950348,66961.13038594632,91945.68643589671,30278.600734315187,35926,6764569.5717082275,8042.1257746660085,6693.633025340522,20694.669491772536,27387.302517113058,8021.3411579851745,13167
2014-01-19,22,11376742.207374247,20212.39139326008,24376.77009973954,78668.6311327656,103035.40123250513,30264.59342106372,24813,4325843.689239296,37738.40124384704,36751.850625684136,99666.05889117239,136416.9095168566,44471.223080959884,38680,6749966.769058322,11332.888791831918,9442.063039106255,29258.27911074491,38699.34214985116,11312.039632738102,18414
2014-01-20,23,11325998.50199437,28381.403432034505,34311.33268744268,111308.76188616187,145610.09457360453,42574.693341099395,25990,4244671.654191782,54375.359658065754,53451.76012702336,147501.2260231292,200951.9861501526,64535.076633296005,113511,6729438.934376403,15936.65503988561,13296.490326452089,41327.920257264246,54623.41058371632,15924.068433865163,18600
2014-01-21,24,11255106.284495454,39646.41084712298,48092.47623607482,157154.8284213555,205237.30465743024,59627.21008382572,73700,4130250.747303609,76758.64354227313,76483.45105598419,216507.15809813348,292989.60915411764,92037.62300396504,78977,6700671.250232498,22344.489629104442,18679.861080860905,58304.399057539864,76983.26013840076,22359.849554684435,23643
2014-01-22,25,11156774.03119398,54984.51197548981,67014.70495641106,221226.75187412233,288231.4568305333,82994.15217310304,62963,3973653.5266111577,105286.37627386331,106946.46570822509,314113.63140675257,421059.09711497766,128069.48796086002,91915,6660530.824988869,31199.400877686938,26155.376545890176,82114.39758755844,108268.77413344862,31285.513995047862,22474
2014-01-23,26,11021731.130875919,75498.63675881868,92624.97944928918,310145.25291597174,402760.23236526083,114528.77553472755,114188,3767798.148827675,138879.05251313123,144877.93417738736,448444.86448180536,593321.7986591926,172262.70154421497,220713,6604859.689223712,43312.756236743066,36452.23990977026,115375.31462977755,151826.55453954783,43557.780406099206,49046
2014-01-24,27,10838785.95396854,102257.88666908973,126597.75205545679,432358.40730691387,558946.1593623706,156185.92699710978,120474,3511107.260587115,174077.1714356014,188190.5663754458,626625.0016018376,814814.5679772831,221492.76931809052,127663,6528294.099017949,59650.3294717251,50475.024996913286,161580.5465134165,212054.57151032987,60228.016970782046,53154
2014-01-25,28,10595477.658338286,135967.6050562455,170423.14443669326,598131.5921687755,768544.7366054687,209598.57724309806,327492,3211340.1281909677,204854.28716068255,231819.1958717329,851986.3887766163,1083804.584648349,268990.01667106594,366206,6424199.6226479495,81253.16996917209,69271.671235483,225275.53614739847,294546.20738288155,82491.63587255168,87801
2014-01-26,29,10279713.367865974,176425.09495735142,224821.17448583667,819040.3626908368,1043851.5371766733,275306.8005712046,208636,2886935.583608111,224092.2288729716,268064.71165207116,1120907.4758668458,1388971.1875189166,305166.60287056747,220533,6284878.68145093,109042.20299056714,93919.26749805009,312159.84806045593,406078.11555850616,111531.90817562462,85085
2014-01-27,30,9882686.39626127,221817.49912010576,288860.8233920356,1106635.2812265898,1395486.104618625,351634.5674419517,486843,2563418.808629718,226655.9136207448,288882.06853821833,1421043.2092113178,1709924.2777495356,320953.09023061907,221384,6102276.404379355,143451.31007162217,125273.47294929155,428998.81259973545,554271.2855490271,148193.16999052098,138339
2014-01-28,31,9402882.136697955,268133.33322608576,358962.9413904394,1470021.5886855167,1828974.5300759564,433488.42545733135,163761,2265705.900773871,212140.88741901558,289353.75959006354,1732799.4522170478,2022152.211807111,312227.9340575754,139906,5869420.918682354,183872.07968755678,163535.60674400599,583171.3948860879,746706.0016300938,192434.71608106664,180179
2014-01-29,32,8850014.785810672,309210.41130128404,428298.03112392063,1912476.7717641217,2340764.802888043,511790.27281208686,495245,2010838.5094707918,184986.3136255505,270025.8223373833,2034149.3545662728,2304174.1769036558,282021.9650965447,315480,5582669.021712567,228016.08661510423,207655.63156443555,781659.2601078976,989313.8916723332,242607.89004223945,156230
2014-01-30,33,8246748.919661045,337941.84428938484,487339.8342269727,2427969.4018225963,2915299.2360495687,574534.4331615255,583225,1805284.7663315283,151921.0215162294,236338.14398536444,2306456.068166876,2542793.2121522403,238619.03524858458,216882,5244370.677440055,271513.6571591242,254740.91755055112,1029374.7478502727,1284114.6654008236,294800.77372849034,263865
2014-01-31,34,7626152.687056766,348571.85983044264,526062.2119066294,2999213.241206161,3525265.4531127904,609966.2170632216,739266,1646911.1848845806,118966.18527273042,195805.90434643594,2538316.725496252,2734121.6298426865,191328.41769044613,186786,4864890.377440152,308246.6857598279,299845.2660558228,1327017.6707441995,1626861.9368000224,342747.2713991988,283775
2014-02-01,35,7024820.618802873,339018.61721896415,537240.3879377488,3598920.376040412,4136150.763978159,610885.3108653687,316804,1528856.8281187394,89877.43049908693,155117.60429274337,2726148.137089429,2881264.741382171,147143.11153948447,177353,4462521.8441793695,331766.5992042219,336593.09613955015,1669118.4604768588,2005710.5566164092,378848.61981638684,352100
2014-02-02,36,6474450.607710662,311737.519683632,519184.7471577124,4194627.125447989,4713801.8726057,577651.108627541,528211,1442856.0427004914,66159.33941699096,118635.0343686449,2872349.5835138718,2990983.617882516,109718.87650034484,74762,4060434.2940152264,337480.4917632599,358791.97600761673,2043293.2382138968,2402084.214221513,396373.6576051037,489988
2014-02-03,37,5995784.4124989975,272534.61254289834,476239.8790163201,4755441.095941782,5231670.9749580985,517869.10235239845,318482,1381176.2773145193,47816.23224528776,88332.14499409364,2982675.3454460986,3071006.49044019,80022.87255767407,79348,3681470.019008467,324483.32197909005,362496.39436087926,2431550.2646515635,2794045.6590124425,391961.44479092956,173525
2014-02-04,38,5597058.485055926,228211.78941553817,416826.7256280612,5257902.999900473,5674719.72552853,443048.75057043135,324081,1337402.0728638982,34122.91263169584,64470.04628286333,3064004.9682215415,3128474.014504402,57467.524064212106,93275,3343132.7448613006,295860.355549241,347436.83637503185,2813570.063214427,3161005.8995894585,366960.240577016,348318
2014-02-05,39,5276267.395591337,184499.9796090962,350373.3441401253,5688859.280659441,6039222.624799562,364502.89927103184,388635,1306554.4572461434,24139.650913847516,46372.90849413049,3122932.983345878,3169304.891840005,40830.87733560288,18408,3054967.5896630394,257291.90828337768,316974.9550946275,3170765.5469589545,3487739.502053581,326733.6024641227,269652
2014-02-06,40,5025042.267225294,145099.37496940995,284790.7710442268,6045067.586761069,6329848.357805291,290625.7330057295,314063,1284919.8658439685,16975.615990210154,33007.0615190237,3165097.456646797,3198103.5181658175,28798.626325812656,36300,2818862.548510577,214934.93127584862,276694.7742036604,3489507.746009913,3766201.520213573,278462.0181599916,260629
2014-02-07,41,4832258.327666903,111731.32307027731,225305.07439171898,6330705.274871102,6556000.349262816,226151.9914575247,251691,1269795.9313068562,11889.07183948465,23318.16726728039,3194996.829586378,3218313.996853655,20210.47868783772,10828,2631209.4211970777,173764.2975176122,232528.43407320083,3762497.847212109,3995025.2812853088,228823.761071736,194745
2014-02-08,42,4686532.597489816,84688.67189010832,174492.0608144386,6554286.6698056385,6728768.730620071,172768.3813572554,257929,1259246.7964516694,8303.400224076584,16386.200803923573,3216063.6025203294,3232448.8033242496,14134.806470594369,10261,2485464.949849365,136899.42476093236,189327.64855295917,3988307.9768367438,4177634.6253897017,182609.34410439292,220989
2014-02-09,43,4577586.749440944,63446.64202916536,132938.9947626592,6726027.613767233,6858956.608529887,130187.87790981587,123656,1251899.8415755385,5788.018341407382,11472.045057396326,3230840.095025658,3242311.14008305,9862.336758800317,9150,2374183.801774352,105738.11391007046,150254.38046346203,4169823.703852116,4320077.0843155775,142442.45892587584,175048
2014-02-10,44,4496789.049115505,47128.17054509469,100025.93291446997,6856056.847424936,6956072.780339398,97116.17180951126,89999,1246788.4112950123,4029.3000565901148,8010.636227238754,3241171.6524211597,3249181.2886483935,6870.148565343581,3323,2290266.1181053394,80458.61586264896,116850.90111415708,4312424.364917854,4429274.266032011,109197.18171643373,64943
2014-02-11,45,4437214.797594833,34789.46742084434,74559.69173946661,6953436.043244862,7027985.734984321,71912.95464492217,107653,1243234.8551985386,2802.419920231149,5583.402663666687,3248379.3222175646,3253961.724881226,4780.436232832726,5719,2227549.7093078215,60546.37999590165,89451.80640523802,4422452.104291038,4511902.910696277,82628.64466426615,69528
2014-02-12,46,4393474.044934216,25565.201683418403,55190.705660873406,7025770.047721498,7080950.753382364,52965.0183980437,58918,1240765.5965635853,1947.8841339976286,3886.6635884768807,3253399.855713941,3257285.519302413,3323.7944211866707,2116,2180981.2248566234,45190.45865641471,67654.90503073182,4506173.411456229,4573827.316486961,61924.40579068381,59419
2014-02-13,47,4361456.567580147,18725.08916818269,40643.08655444688,7079175.25669723,7119808.343251671,38857.58986930642,34325,1239050.377566822,1353.329893928461,2703.143896866501,3256893.1486423835,3259595.292539245,2309.773236832116,2415,2146564.443589435,33527.20656191052,50703.18669923764,4569205.163149416,4619907.349848656,46080.033361694776,73523
2014-02-14,48,4338072.135066342,13682.439624111415,29816.57412933775,7118428.8511802135,7148235.425309546,28427.08205787558,29370,1237859.2223827674,939.968093425065,1878.8537415066514,3259321.9557823017,3261199.8095238027,1604.516984557733,1675,2121214.375185642,24765.199925198754,37738.78393346007,4616281.640955698,4654019.424889162,34112.0750405062,46024
2014-02-15,49,4321020.342675814,9980.502913206099,21813.17603846934,7147185.978372513,7168989.154410976,20753.729101429693,21028,1237032.1474637943,652.7271715841762,1305.3596593836432,3261009.765705239,3262314.125364616,1114.3158408133313,1842,2102588.187131214,18234.56215871937,27945.800073595386,4651231.450636469,4679176.25071007,25156.82582090795,39496
2014-02-16,50,4308600.72297054,7271.042964421902,15925.573842599273,7168202.660222443,7184118.2340650335,15129.07965405751,11008,1236457.9367716473,453.19726715422996,906.645968776518,3262182.2199924234,3263087.8659611926,773.7405965765938,905,2088926.7348031863,13394.747865613712,20615.602862159343,4677062.91446904,4697677.5173312025,18501.26662113238,15969
2014-02-17,51,4299562.555965489,5292.317393474345,11609.81351167975,7183535.313129361,7195135.126641032,11016.89257599879,4683,1236059.3132333062,314.6293205901666,629.5862234409778,3262996.4712226647,3263625.057446097,537.1914849043824,269,2078919.6209547543,9822.776612039277,15165.528666974693,4696092.073766232,4711256.602433208,13579.085102005862,17855
2014-02-18,52,4292989.205349524,3849.5356390178617,8454.432737875819,7194706.826273587,7203151.259011455,8016.132370422594,4651,1235782.5996115727,218.414158374087,437.12951888209636,3263561.8567111734,3263997.9862300465,372.92878394946456,487,2071596.2207018612,7194.404373070319,11133.257677476355,4710076.117247593,4721208.374925071,9951.772491862997,9304
2014-02-19,53,4288210.607776281,2798.7411575507945,6151.77992843827,7202838.871137733,7208980.651066164,5829.392054708675,6814,1235590.5199627958,151.61471857302774,303.4740968981008,3263954.391221736,3264256.8653186252,258.8790885787457,269,2066240.4797824766,5264.562302747236,8160.713479098382,4720334.244435679,4728493.957914779,7285.582989707589,7219
2014-02-20,54,4284737.852046003,2034.0709487502156,4473.7076786152265,7208754.369326634,7213218.077005242,4237.425939078443,4897,1235457.192205077,105.24157866005771,210.67013306308476,3264226.8960832036,3264436.5662162565,179.70089763123542,243,2062325.677280623,3849.842398310681,5975.1774045375205,4727849.3029165305,4733823.480321069,5329.522406290285,4163
2014-02-21,55,4282214.682192687,1477.9503057693585,3252.018235431695,7213055.3492661165,7216297.36750154,3079.290496298112,3273,1235364.6474620248,73.05050437767747,146.23905664847734,3264416.062976952,3264561.302033591,124.7358173346147,38,2059465.174758966,2813.937587456311,4371.3898420787145,4733349.4978115,4737719.887653583,3896.4073325134814,4421
2014-02-22,56,4280381.7557581,1073.6778170735408,2363.2324937457847,7216181.333931083,7218534.566424822,2237.1989232823253,3636,1235300.4116313122,50.70514798133082,101.51009862664965,3264547.373122083,3264647.8832207005,86.58118710946292,50,2057375.5913189517,2056.048522738606,3196.165452330251,4737372.194705979,4740567.360158314,2847.4725047312677,3199
2014-02-23,57,4279050.412412064,779.8846123303505,1716.975439920251,7218452.72753569,7220159.702975604,1625.136550781317,994,1235255.8255766241,35.194598450599365,70.4603889141431,3264638.5194360144,3264707.9798249193,60.09660421870649,88,2055849.4556581213,1501.899606250912,2335.8746744545274,4740312.770061173,4742647.644735631,2080.2845773166046,2965
2014-02-24,58,4278083.479666207,566.4280801303587,1247.2458882426129,7220102.846365423,7221340.092253661,1180.3892780570313,795,1235224.8786118242,24.428487956638705,48.907314536044545,3264701.785585686,3264749.692900213,41.71307529369369,66,2054734.9935392372,1096.900371188077,1706.5984907122597,4742461.507598863,4744167.106089577,1519.4613539464772,1581
2014-02-25,59,4277381.257947293,411.3663379687103,905.9192560371459,7221301.456458703,7222197.375714737,857.2834610762075,805,1235203.398566368,16.95566429442379,33.94671365004287,3264745.699055691,3264778.645769331,28.952869118191302,23,2053921.2402068179,801.0030266593067,1246.5565923824113,4744031.200174141,4745276.756766524,1109.650676947087,1421
2014-02-26,60,4276871.303062604,298.73808328985984,657.9458884838496,7222172.012965624,7222819.958854106,622.5831393692642,828,1235188.4894803863,11.768778973688525,23.562333064649884,3264776.179407578,3264798.7417406347,20.095971303526312,19,2053327.1018075792,584.8679790793523,910.3716764021515,4745177.65853694,4746087.030213343,810.2734468188137,712
2014-02-27,61,4276500.985420891,216.9383755010714,477.81983717428767,7222804.256366435,7223272.076203606,452.11734949983656,603,1235178.1412531068,8.168585786125977,16.354471104069958,3264797.3356900057,3264812.6901611015,13.948420466855168,9,2052893.3326532252,427.0216971492944,664.7701240798903,4746014.875525547,4746678.645649625,591.6154362820089,703
2014-02-28,62,4276232.075857901,157.53263021952975,346.9914688693129,7223263.400043008,7223600.391511876,328.3153082700446,271,1235170.9586765207,5.669719350751872,11.351495908818677,3264812.0201082225,3264822.3716041227,9.68144302116707,6,2052576.6587105081,311.75898717438906,485.38330192264806,4746626.199000395,4747110.582302316,431.9366526911035,596
2014-03-01,63,4276036.808217454,114.39214233411234,251.97609446320226,7223596.823545749,7223838.799640211,238.40812833514065,260,1235165.9733433318,3.935280465068834,7.878953679634085,3264822.2124225255,3264829.0913761966,6.719772073905915,6,2052345.4770739342,227.59943729126007,354.380144893894,4747072.543343881,4747425.9234887725,315.3411864563823,278
2014-03-02,64,4275895.017242182,83.06455036322558,182.97411966761783,7223838.944087788,7224011.918207454,173.1185672422871,85,1235162.5130911365,2.731426028490879,5.468688913191426,3264829.2867939244,3264833.7554828296,4.664106633048505,5,2052176.7110358775,166.15411498834726,258.72173656008306,4747398.413112574,4747656.134849133,230.21136036049575,342
2014-03-03,65,4275792.058606706,60.31575638716488,132.86560574769402,7224014.760031161,7224137.625636907,125.70742945373058,66,1235160.1113780346,1.8958454596533498,3.795747770663204,3264834.1970287375,3264836.9927765,3.2372936704196036,1,2052053.5112286306,121.29476293848697,188.87788459335806,4747636.316123839,4747824.1940084305,168.05915929749608,167
2014-03-04,66,4275717.297802977,43.796821589558746,96.47839978936182,7224142.426975646,7224228.905375433,91.27973852586001,96,1235158.4443828398,1.3158798616787561,2.6345782108455773,3264837.6051590904,3264839.2397372928,2.2469607926905155,3,2051963.5759538857,88.54549134311749,137.88534234488606,4747809.993212426,4747946.878554771,122.68454634025693,110
2014-03-05,67,4275663.01241289,31.801827146885408,70.05573509194369,7224235.130024874,7224295.185759961,66.28038452751935,84,1235157.2873452883,0.913333587660785,1.828624739395893,3264839.970696388,3264840.7993211187,1.5595838259905577,1,2051897.9241752047,64.63772742650973,100.65768047367999,4747936.780416893,4748036.438097368,89.5595425972715,74
2014-03-06,68,4275623.594793783,23.09190894200166,50.86914755825382,7224302.44414972,7224343.313297273,48.12753731198609,28,1235156.484262138,0.6339317882458676,1.2692229163266662,3264841.612583161,3264841.8818060686,1.0824849498458207,0,2051849.9993751962,47.18481070163793,73.48010460394906,4748029.335709494,4748101.815814103,65.37771673500538,44
2014-03-07,69,4275594.973012737,16.767424642259908,36.93713166705434,7224351.322430952,7224378.259562617,34.94626534450799,36,1235155.9268537469,0.4400029415289609,0.8809496812626114,3264842.7521936335,3264842.6331433076,0.7513372390531003,0,2051815.015155443,34.44417706386128,53.63993708331098,4748096.900730406,4748149.540667494,47.724853390827775,47
2014-03-08,70,4275574.190306528,12.175084724126357,26.820716719259174,7224386.813892026,7224403.634608745,25.375046127475798,26,1235155.5399646605,0.3053996905247965,0.6114546022704592,3264843.5431810496,3264843.154635645,0.5214923373423517,1,2051789.4774022868,25.143605413355623,39.15647377773739,4748146.222518518,4748184.3789923005,34.83832480665296,34
2014-03-09,71,4275559.0996899335,8.840502511812527,19.47495610899887,7224412.584851443,7224422.05980755,18.42519880551845,14,1235155.2714305075,0.21197348559721174,0.4244018203381185,3264844.092194189,3264843.516596003,0.3619603579863906,1,2051770.835415303,18.35430403371281,28.58357550516793,4748182.226705154,4748209.810280664,25.431288363412023,20
2014-03-10,72,4275548.142192977,6.419207927111868,14.14105504161272,7224431.297544054,7224435.438599094,13.378791543655097,13,1235155.085044884,0.1471277130977436,0.29457116390967186,3264844.4732562415,3264843.767827399,0.25123139610514045,0,2051757.2272084355,13.39822620048523,20.86545421020615,4748208.50911115,4748228.374565364,18.564284699968994,31
2014-03-11,73,4275540.185814591,4.661069631409793,10.268016745914709,7224444.88509903,7224445.1531157745,9.714516680687666,6,1235154.9556773438,0.10211920386293911,0.20445757283529287,3264844.7377458825,3264843.9422034486,0.17437604954466224,0,2051747.2935533847,9.780385419489562,15.2313324631441,4748227.694728729,4748241.926061195,13.55149583145976,13
2014-03-12,74,4275534.408589646,3.384460806556976,7.455742617943113,7224454.751206927,7224452.206949546,7.053833771497011,22,1235154.8658852212,0.0708794512969638,0.1419110296868883,3264844.921324302,3264844.0632353243,0.12103187572211027,0,2051740.0422369288,7.139439305278422,11.118521736379634,4748241.699802026,4748251.818323766,9.892262570559978,12
2014-03-13,75,4275530.213676809,2.457498220816602,5.413709533090051,7224461.915115432,7224457.328824967,5.121875421144068,7,1235154.8035618227,0.04919639515565798,0.0984983832616156,3264845.048743402,3264844.1472417787,0.0840064543299377,0,2051734.748963399,5.21160945056653,8.11625246261624,4748251.923174684,4748259.039427151,7.221103385090828,10
2014-03-14,76,4275527.1677004425,1.7844188178234708,3.9309612757885724,7224467.11691946,7224461.047880737,3.7190557699650526,7,1235154.7603040559,0.03414649967764365,0.0683662916871717,3264845.1371831563,3264844.2055494417,0.058307663071900606,0,2051730.8850120828,3.8043400658133235,5.924661697121743,4748259.385986151,4748264.310647854,5.271220702677965,8
2014-03-15,77,4275524.9559811605,1.2956875371004426,2.8543184035005567,7224470.894012892,7224463.7483313,2.7004505628719926,5,1235154.7302794713,0.023700586517436548,0.047452045041947,3264845.1985679003,3264844.24601994,0.04047049814835191,0,2051728.0644297758,2.7770684979378806,4.324851626548748,4748264.833650097,4748268.1585017275,3.8478538738563657,2
2014-03-16,78,4275523.350026063,0.9408138409733483,2.072554493093583,7224473.636605595,7224465.709160094,1.9608287941664457,0,1235154.7094398465,0.0164502309358516,0.03293577180806477,3264845.241174154,3264844.27410992,0.028089980129152536,0,2051726.0054798594,2.027186499099319,3.157029311375713,4748268.810304326,4748270.967333645,2.8088319171220064,2
2014-03-17,79,4275522.183923496,0.6831358337753088,1.5049061442180163,7224475.62803452,7224467.132940671,1.4237805772572756,0,1235154.6949753673,0.011417865069741719,0.02286023845267839,3264845.2707465314,3264844.2936067646,0.019496844615787268,0,2051724.5025015606,1.479792119869234,2.3045483792364023,4748271.713157937,4748273.0177063225,2.0503726778551936,3
2014-03-18,80,4275521.337203015,0.4960328075302096,1.0927298739356277,7224477.0740343,7224468.166764179,1.0338235078379512,3,1235154.6849357842,0.007924973556151512,0.015866958072221667,3264845.2912722863,3264844.3071392383,0.01353247370570898,0,2051723.4053678182,1.0802086216931774,1.6822592007829342,4748273.832164356,4748274.514423563,1.4967172406613827,1
2014-03-19,81,4275520.722389576,0.36017512660945405,0.793443814506473,7224478.123991479,7224468.9174353,0.7506711203604937,0,1235154.6779674564,0.005500608687931892,0.011013024482195483,3264845.305518913,3264844.316531931,0.009392692707479,0,2051722.604489774,0.7885232729036575,1.2280043379971255,4748275.37898261,4748275.606986957,1.0925633935257792,1
2014-03-20,82,4275520.275966459,0.26152728474302983,0.5761286827545747,7224478.886377568,7224469.462506257,0.5450709573924541,0,1235154.6731308412,0.0038178921251010543,0.007643979412788161,3264845.31540729,3264844.323051262,0.006519331131130457,0,2051722.0198703776,0.5756007352831696,0.8964102359415094,4748276.508118647,4748276.404528892,0.7975419349968433,1
2014-03-21,83,4275519.951813524,0.18989795119163805,0.41833363487910746,7224479.439954883,7224469.858288526,0.3957822686061263,0,1235154.669773817,0.002649943081866413,0.005305574317098833,3264845.3222706686,3264844.3275762354,0.0045249732211232185,0,2051721.593114015,0.42017298758873894,0.6543553468120158,4748277.332357646,4748276.986713001,0.5821841089054942,2
2014-03-22,84,4275519.7164423885,0.13788706226558323,0.30375684403871606,7224479.841913695,7224470.145670547,0.28738202154636383,1,1235154.6674437558,0.001839286759561071,0.0036825215884714086,3264845.3270344385,3264844.3307169527,0.003140717279165983,0,2051721.2815934306,0.306714916238542,0.47766175235657027,4748277.934029894,4748277.411691657,0.424978656694293,0
2014-03-23,85,4275519.545536715,0.10012136669838988,0.220561304267903,7224480.133780604,7224470.354341916,0.20867136865854263,0,1235154.6658264939,0.001276621997552049,0.002555984294732632,3264845.330340902,3264844.332896879,0.002179926261305809,0,2051721.0541918308,0.22389357945713548,0.3486801641640058,4748278.373234419,4748277.721914596,0.31022293865680695,1
2014-03-24,86,4275519.4214401385,0.07269925718548814,0.16015206156518336,7224480.345708534,7224470.505860603,0.15151868760585785,0,1235154.664703976,0.0008860844986395097,0.001774071000048983,3264845.3326358697,3264844.3344099354,0.001513056457042694,0,2051720.8881948004,0.16343623151920214,0.2545270624751136,4748278.693841899,4748277.948368974,0.22645437810570002,1
2014-03-25,87,4275519.331332241,0.052787759220590515,0.11628823912714778,7224480.499591753,7224470.6158799995,0.11001939605921507,0,1235154.6639248529,0.0006150183391550142,0.0012313568313041682,3264845.3342287727,3264844.3354601245,0.0010501891374588013,0,2051720.7670215187,0.11930402094165897,0.18579786682399332,4748278.927876587,4748278.113674466,0.1653054915368557,0
2014-03-26,88,4275519.265903872,0.03832979400465439,0.08443821763541683,7224480.611328108,7224470.6957663335,0.07988633401691914,0,1235154.663384075,0.0004268752777587354,0.0008546668547785471,3264845.335334383,3264844.3361890456,0.0007289210334420204,0,2051720.678568312,0.08708870296553112,0.13562741279967053,4748279.098715567,4748278.2343429895,0.12066852394491434,0
2014-03-27,89,4275519.218395577,0.02783169785457951,0.06131154717801028,7224480.69246117,7224470.753772724,0.05800639092922211,0,1235154.663008729,0.0002962878459796103,0.0005932116819227642,3264845.3361017713,3264844.336694979,0.0005059335380792618,0,2051720.613999854,0.06357238761760685,0.09900432942415026,4748279.223423424,4748278.322427763,0.08808477316051722,0
2014-03-28,90,4275519.183899264,0.020208911128863177,0.04451900871362682,7224480.751372808,7224470.795891824,0.042119099758565426,0,1235154.6627482069,0.0002056490367944006,0.00041173950493522443,3264845.3366344045,3264844.3370461394,0.00035116029903292656,0,2051720.5668666328,0.04640611533183229,0.07227047105733515,4748279.314456777,4748278.386727256,0.06429949309676886,0
2014-03-29,91,4275519.158851102,0.014673918434820367,0.03232575851490019,7224480.794149212,7224470.826474977,0.030583152547478676,0,1235154.6625673822,0.00014273797794151606,0.00028578234693321485,3264845.3370040976,3264844.3372898754,0.00024373596534132957,0,2051720.5324606646,0.033875203645901665,0.05275548134864549,4748279.380908647,4748278.433664136,0.046936879865825176,0
2014-03-30,92,4275519.140663347,0.010654900476068646,0.023472096582487893,7224480.8252096465,7224470.848681751,0.022206773981451988,0,1235154.6624418744,9.907232896234546e-05,0.00019835731945642344,3264845.3372606956,3264844.3374590487,0.00016917334869503975,0,2051720.5073452413,0.024727977849297967,0.03851006767242061,4748279.42941671,4748278.467926784,0.03426264878362417,0
2014-03-31,93,4275519.1274570115,0.007736648513044929,0.017043349530396535,7224480.847762982,7224470.864806339,0.016124588437378407,0,1235154.6623547615,6.876464635268919e-05,0.00013767689795325926,3264845.3374387966,3264844.3375764694,0.00011742068454623222,0,2051720.489011665,0.018050751720471003,0.02811130285397044,4748279.4648262765,4748278.492937586,0.02501080185174942,0
2014-04-01,94,4275519.117867745,0.005617663127434862,0.012375375214631657,7224480.8641392095,7224470.876514592,0.011708253063261509,0,1235154.6622942975,4.772852996045306e-05,9.555951055906418e-05,3264845.337562414,3264844.3376579694,8.150003850460052e-05,0,2051720.475628653,0.013176558130139033,0.020520487106196927,4748279.490674297,4748278.511194792,0.0182572053745389,0
2014-04-02,96,4275519.110904868,0.004079050206602071,0.008985899150382014,7224480.876030176,7224470.885016083,0.0,0,1235154.6622523305,3.3127675077899936e-05,6.632645964713737e-05,3264845.3376482152,3264844.3377145375,0.0,0,2051720.465859419,0.009618529738109111,0.014979398572251834,4748279.509542648,4748278.524522052,0.0,0
